N,V1,V2,V3,V4,V5,V6,V7,solutions
1,1,0,0,0,0,0,0,0
2,1,0,0,0,0,0,0,0
3,1,2,0,0,0,0,0,0
4,1,2,0,0,0,0,0,0
5,1,4,0,0,0,0,0,0
6,1,4,0,0,0,0,0,0
7,1,6,0,0,0,0,0,0
8,1,6,1,0,0,0,0,0
9,1,8,12,0,0,0,0,0
10,1,8,6,0,0,0,0,0
11,1,10,20,0,0,0,0,0
12,1,10,25,0,0,0,0,0
13,1,12,36,0,0,0,0,0
14,1,12,27,0,0,0,0,0
15,1,14,64,0,0,0,0,0
16,1,14,51,0,0,0,0,0
17,1,16,80,0,0,0,0,0
18,1,16,75,0,0,0,0,0
19,1,18,108,0,0,0,0,0
20,1,18,104,0,0,0,0,0
21,1,20,144,0,0,0,0,0
22,1,20,125,2,0,0,0,0
23,1,22,176,9,0,0,0,0
24,1,22,172,24,0,0,0,0
25,1,24,220,28,0,0,0,0
26,1,24,198,37,0,0,0,0
27,1,26,264,243,0,0,0,0
28,1,26,246,78,0,0,0,0
29,1,28,308,196,0,0,0,0
30,1,28,298,244,0,0,0,0
31,1,30,360,357,0,0,0,0
32,1,30,343,299,0,0,0,0
33,1,32,420,892,0,0,0,0
34,1,32,392,471,0,0,0,0
35,1,34,480,726,0,0,0,0
36,1,34,463,1083,0,0,0,0
37,1,36,540,1242,0,0,0,0
38,1,36,513,1004,0,0,0,0
39,1,38,612,2187,0,0,0,0
40,1,38,589,1363,0,0,0,0
41,1,40,680,2251,0,0,0,0
42,1,40,657,2069,0,0,0,0
43,1,42,756,2904,0,0,0,0
44,1,42,730,2694,0,0,0,0
45,1,44,844,4254,0,0,0,0
46,1,44,803,3008,0,0,0,0
47,1,46,920,4549,0,0,0,0
48,1,46,898,4554,0,0,0,0
49,1,48,1008,5308,0,0,0,0
50,1,48,976,4540,0,0,0,0
51,1,50,1104,7557,0,0,0,0
52,1,50,1068,6149,0,0,0,0
53,1,52,1196,7983,0,0,0,0
54,1,52,1164,7395,0,0,0,0
55,1,54,1300,9495,0,0,0,0
56,1,54,1261,8023,0,0,0,0
57,1,56,1404,12047,0,0,0,0
58,1,56,1358,9358,0,0,0,0
59,1,58,1508,12768,0,0,0,0
60,1,58,1481,12620,2,0,0,0
61,1,60,1620,14701,6,0,0,0
62,1,60,1575,12641,9,0,0,0
63,1,62,1740,17487,7,0,0,0
64,1,62,1695,15074,29,0,0,0
65,1,64,1860,19343,58,0,0,0
66,1,64,1815,17791,126,0,0,0
67,1,66,1980,21624,130,0,0,0
68,1,66,1936,19891,150,0,0,0
69,1,68,2112,25688,669,0,0,0
70,1,68,2061,21009,229,0,0,0
71,1,70,2240,27258,573,0,0,0
72,1,70,2200,25786,1563,0,0,0
73,1,72,2376,30403,1010,0,0,0
74,1,72,2322,26887,881,0,0,0
75,1,74,2524,35610,2754,0,0,0
76,1,74,2466,31206,1359,0,0,0
77,1,76,2660,36913,2303,0,0,0
78,1,76,2610,34935,3772,0,0,0
79,1,78,2808,41253,3787,0,0,0
80,1,78,2759,37898,3173,0,0,0
81,1,80,2964,46736,16920,0,0,0
82,1,80,2900,40688,4864,0,0,0
83,1,82,3116,49745,8026,0,0,0
84,1,82,3067,47382,10021,0,0,0
85,1,84,3280,54921,10195,0,0,0
86,1,84,3213,49072,9495,0,0,0
87,1,86,3444,61076,26861,0,0,0
88,1,86,3381,54563,13419,0,0,0
89,1,88,3608,64527,20849,0,0,0
90,1,88,3553,60481,29328,0,0,0
91,1,90,3780,69593,24959,0,0,0
92,1,90,3718,65272,22271,0,0,0
93,1,92,3960,77735,56341,0,0,0
94,1,92,3887,69124,29030,0,0,0
95,1,94,4140,82637,40907,0,0,0
96,1,94,4078,78105,52338,0,0,0
97,1,96,4320,88393,56714,0,0,0
98,1,96,4248,80446,44254,0,0,0
99,1,98,4512,96696,123394,0,0,0
100,1,98,4444,89410,55896,0,0,0
101,1,100,4700,102252,87470,0,0,0
102,1,100,4632,96453,95285,0,0,0
103,1,102,4896,109690,106842,0,0,0
104,1,102,4825,102319,86578,0,0,0
105,1,104,5104,120004,156591,0,0,0
106,1,104,5018,108379,106166,0,0,0
107,1,106,5300,125625,154947,0,0,0
108,1,106,5233,120049,185563,0,0,0
109,1,108,5508,134137,184613,0,0,0
110,1,108,5431,124430,154910,0,0,0
111,1,110,5724,145325,289838,0,0,0
112,1,110,5643,133641,174086,0,0,0
113,1,112,5936,152294,257077,0,0,0
114,1,112,5859,144287,261960,0,0,0
115,1,114,6160,162887,283115,0,0,0
116,1,114,6076,152682,255576,0,0,0
117,1,116,6384,173996,468806,0,0,0
118,1,116,6293,160179,289531,0,0,0
119,1,118,6608,182134,384604,0,0,0
120,1,118,6536,175163,399112,0,0,0
121,1,120,6840,193120,484008,0,0,0
122,1,120,6750,180532,386483,0,0,0
123,1,122,7080,207222,658178,0,0,0
124,1,122,6990,193567,459140,0,0,0
125,1,124,7320,217420,580735,0,0,0
126,1,124,7230,204889,595115,0,0,0
127,1,126,7560,228550,690085,0,0,0
128,1,126,7471,216017,584081,0,0,0
129,1,128,7812,243869,940420,0,0,0
130,1,128,7716,226806,645199,0,0,0
131,1,130,8060,254234,880964,0,0,0
132,1,130,7975,244062,924165,0,0,0
133,1,132,8316,267469,953688,0,0,0
134,1,132,8217,251748,831499,0,0,0
135,1,134,8584,285313,1292022,0,0,0
136,1,134,8481,267265,940499,0,0,0
137,1,136,8840,296244,1238929,0,0,0
138,1,136,8745,282735,1186081,0,0,0
139,1,138,9108,311209,1379674,0,0,0
140,1,138,9014,296339,1154535,0,0,0
141,1,140,9384,329644,1772899,0,0,0
142,1,140,9275,308329,1295307,0,0,0
143,1,142,9656,342207,1753596,0,0,0
144,1,142,9562,328938,1685353,0,0,0
145,1,144,9940,360348,1825747,0,0,0
146,1,144,9828,339543,1590406,0,0,0
147,1,146,10224,378910,2293003,0,0,0
148,1,146,10116,358641,1820410,0,0,0
149,1,148,10508,393608,2273012,0,0,0
150,1,148,10408,377594,2118405,0,0,0
151,1,150,10800,411659,2494380,0,0,0
152,1,150,10693,392649,2148760,0,0,0
153,1,152,11100,433147,3091665,0,0,0
154,1,152,10982,407364,2326477,0,0,0
155,1,154,11400,450744,2927381,0,0,0
156,1,154,11293,433199,2959854,0,0,0
157,1,156,11700,469094,3255606,0,0,0
158,1,156,11583,445643,2786541,0,0,0
159,1,158,12012,492741,3942779,0,0,0
160,1,158,11899,468708,3049928,0,0,0
161,1,160,12320,509955,3764081,0,0,0
162,1,160,12207,489338,3626726,0,0,0
163,1,162,12636,531626,4179617,0,0,0
164,1,162,12520,509156,3714235,0,0,0
165,1,164,12964,558199,4992786,0,0,0
166,1,164,12833,527400,3897395,0,0,0
167,1,166,13280,576251,4896361,0,0,0
168,1,166,13168,555821,4600840,2,0,0
169,1,168,13608,599276,5329668,1,0,0
170,1,168,13486,572868,4518612,1,0,0
171,1,170,13944,626647,6236990,7,0,0
172,1,170,13818,598090,5086681,9,0,0
173,1,172,14276,647755,6139657,8,0,0
174,1,172,14154,623310,5720996,27,0,0
175,1,174,14620,674149,6412967,38,0,0
176,1,174,14491,645421,5885592,60,0,0
177,1,176,14964,702346,7691311,64,0,0
178,1,176,14828,667850,6154330,94,0,0
179,1,178,15308,724930,7605389,162,0,0
180,1,178,15191,702052,7308606,370,0,0
181,1,180,15660,751953,8148040,216,0,0
182,1,180,15525,718983,7052964,251,0,0
183,1,182,16020,783558,9397252,1094,0,0
184,1,182,15885,749711,7693602,429,0,0
185,1,184,16380,809655,9249405,619,0,0
186,1,184,16245,779208,8666446,1619,0,0
187,1,186,16740,836702,10031678,944,0,0
188,1,186,16606,805870,8937935,821,0,0
189,1,188,17112,870251,11197354,1974,0,0
190,1,188,16971,832558,9211946,1323,0,0
191,1,190,17480,897160,11306625,2406,0,0
192,1,190,17350,868886,10734819,5303,0,0
193,1,192,17856,928275,12034596,3369,0,0
194,1,192,17712,891059,10548615,2778,0,0
195,1,194,18244,965688,13681628,11219,0,0
196,1,194,18096,925264,11416103,3580,0,0
197,1,196,18620,992645,13595292,6781,0,0
198,1,196,18480,958463,12704859,20871,0,0
199,1,198,19008,1025915,14430149,9535,0,0
200,1,198,18869,990983,12775856,7420,0,0
201,1,200,19404,1064245,16245074,28314,0,0
202,1,200,19250,1019220,13474995,10333,0,0
203,1,202,19796,1094419,16004265,16487,0,0
204,1,202,19657,1062207,15513053,31969,0,0
205,1,204,20200,1132033,17100045,21139,0,0
206,1,204,20043,1087664,15148631,18745,0,0
207,1,206,20604,1170621,19158588,124719,0,0
208,1,206,20451,1126261,16377606,25257,0,0
209,1,208,21008,1203160,19276901,38123,0,0
210,1,208,20863,1165824,17652632,57077,0,0
211,1,210,21420,1241235,20272530,52342,0,0
212,1,210,21268,1199999,18373273,40963,0,0
213,1,212,21840,1284407,22539118,146359,0,0
214,1,212,21677,1233596,18960494,52535,0,0
215,1,214,22260,1321154,22504864,77267,0,0
216,1,214,22108,1281079,21262242,289066,0,0
217,1,216,22680,1359097,23527160,99518,0,0
218,1,216,22518,1311214,21116800,84780,0,0
219,1,218,23112,1405047,26297488,279562,0,0
220,1,218,22954,1356730,22755127,94037,0,0
221,1,220,23540,1441820,26494336,155278,0,0
222,1,220,23382,1398207,24515197,251579,0,0
223,1,222,23976,1484712,27726030,201558,0,0
224,1,222,23815,1436954,24870339,157766,0,0
225,1,224,24424,1534659,30444375,652418,0,0
226,1,224,24248,1476071,25978382,196377,0,0
227,1,226,24860,1572427,30614530,297852,0,0
228,1,226,24703,1529732,29137799,426636,0,0
229,1,228,25308,1617549,32140526,358433,0,0
230,1,228,25141,1565245,28595282,288947,0,0
231,1,230,25764,1668003,34984547,763633,0,0
232,1,230,25593,1612514,30474860,395095,0,0
233,1,232,26216,1710366,35362560,516710,0,0
234,1,232,26049,1660109,32984070,988227,0,0
235,1,234,26680,1760257,37021537,573120,0,0
236,1,234,26506,1705369,33846140,482388,0,0
237,1,236,27144,1811797,40425938,1344789,0,0
238,1,236,26963,1747803,34631398,547967,0,0
239,1,238,27608,1856136,40640575,860097,0,0
240,1,238,27446,1808938,38404632,1171247,0,0
241,1,240,28080,1906504,42524619,1009271,0,0
242,1,240,27900,1845769,38253558,808237,0,0
243,1,242,28560,1962787,46097494,3847885,0,0
244,1,242,28380,1900934,40708904,939193,0,0
245,1,244,29040,2011992,46120291,1242491,0,0
246,1,244,28860,1954244,43330142,1887846,0,0
247,1,246,29520,2062813,48714290,1533784,0,0
248,1,246,29341,2003774,44164232,1392725,0,0
249,1,248,30012,2122481,52586565,3263670,0,0
250,1,248,29826,2054240,45559125,1523888,0,0
251,1,250,30500,2172036,52941286,2159061,0,0
252,1,250,30325,2116781,49965001,3350101,0,0
253,1,252,30996,2227704,55297137,2519605,0,0
254,1,252,30807,2160820,49826387,2025653,0,0
255,1,254,31504,2292448,59766231,4460814,0,0
256,1,254,31311,2220974,52638662,2344079,0,0
257,1,256,32000,2342596,60042929,3280184,0,0
258,1,256,31815,2280457,56042024,4250604,0,0
259,1,258,32508,2401123,62169367,3585400,0,0
260,1,258,32324,2337616,57556084,2883717,0,0
261,1,260,33024,2466539,67142800,9455001,0,0
262,1,260,32825,2389361,58956783,3499274,0,0
263,1,262,33536,2521853,67834815,4878017,0,0
264,1,262,33352,2460523,64086326,6385932,0,0
265,1,264,34060,2586068,70607562,5232586,0,0
266,1,264,33858,2508912,63718823,4263254,0,0
267,1,266,34584,2652104,75728453,10228807,0,0
268,1,266,34386,2576128,67645754,5051551,0,0
269,1,268,35108,2710020,76358865,7073897,0,0
270,1,268,34918,2642731,71274828,10943495,0,0
271,1,270,35640,2774761,79371317,7992007,0,0
272,1,270,35443,2701661,72978725,6420587,0,0
273,1,272,36180,2845984,84626290,13208200,0,0
274,1,272,35972,2761507,74939741,7350795,0,0
275,1,274,36720,2909682,85737341,9797355,0,0
276,1,274,36523,2839930,81327235,12114535,0,0
277,1,276,37260,2975146,88941708,11290746,0,0
278,1,276,37053,2893635,80928376,9251310,0,0
279,1,278,37812,3049846,94712992,23884785,0,0
280,1,278,37609,2968117,84423241,9981319,0,0
281,1,280,38360,3113955,95785316,14091742,0,0
282,1,280,38157,3037913,89665462,16756052,0,0
283,1,282,38916,3184948,99351069,15710368,0,0
284,1,282,38710,3105123,91867058,12801291,0,0
285,1,284,39484,3265704,106032955,24304990,0,0
286,1,284,39263,3169883,94173762,14440600,0,0
287,1,286,40040,3329905,106292213,18697021,0,0
288,1,286,39838,3254775,100948875,25657824,0,0
289,1,288,40608,3404288,110760849,21193992,0,0
290,1,288,40396,3317580,100931533,18064550,0,0
291,1,290,41184,3486053,117548250,35094119,0,0
292,1,290,40968,3394817,106171289,19500888,0,0
293,1,292,41756,3556127,118691917,26278064,0,0
294,1,292,41544,3472092,110924008,29062565,0,0
295,1,294,42340,3636467,122975348,27709681,0,0
296,1,294,42121,3545873,113393915,23957981,0,0
297,1,296,42924,3718309,130043222,56961217,0,0
298,1,296,42698,3617742,116435490,26438427,0,0
299,1,298,43508,3791900,131713751,34500441,0,0
300,1,298,43301,3712510,125083574,38776652,0,0
301,1,300,44100,3872757,135554066,37378330,0,0
302,1,300,43875,3775705,124747453,31944657,0,0
303,1,302,44700,3961680,144000310,60134789,0,0
304,1,302,44475,3861761,130372163,34455506,0,0
305,1,304,45300,4041175,145605649,44465130,0,0
306,1,304,45075,3946425,136572553,56404787,0,0
307,1,306,45900,4122628,150338281,50771817,0,0
308,1,306,45676,4026386,139351465,41893513,0,0
309,1,308,46512,4214912,158786715,77398802,0,0
310,1,308,46281,4107925,142584436,46642104,0,0
311,1,310,47120,4294862,160439623,60587659,0,0
312,1,310,46900,4204699,152071151,66246195,0,0
313,1,312,47736,4382747,165676313,66015437,0,0
314,1,312,47502,4277031,152373260,54927690,0,0
315,1,314,48364,4481001,174166940,99430061,0,0
316,1,314,48126,4370827,159218999,59816194,0,0
317,1,316,48980,4562097,176532380,78211479,0,0
318,1,316,48750,4462593,165997297,85447048,0,0
319,1,318,49608,4653345,182124538,88602212,0,0
320,1,318,49379,4551928,169248295,69615047,0,0
321,1,320,50244,4753297,191747076,124443105,0,0
322,1,320,50000,4634276,172725765,74770208,0,0
323,1,322,50876,4840050,194068060,97960169,0,0
324,1,322,50647,4742083,184123605,119418386,0,0
325,1,324,51520,4938261,200172342,103759734,0,0
326,1,324,51273,4820856,184356572,90555289,0,0
327,1,326,52164,5038880,210029933,155751971,0,0
328,1,326,51921,4921832,191545413,97861150,0,0
329,1,328,52808,5129103,211680116,123559983,0,0
330,1,328,52573,5023699,200044019,137824919,0,0
331,1,330,53460,5228237,218765084,136883063,0,0
332,1,330,53218,5115726,204248987,114871451,0,0
333,1,332,54120,5335422,229245811,208545205,0,0
334,1,332,53867,5207868,208313891,123887410,0,0
335,1,334,54780,5433024,232373526,154175892,0,0
336,1,334,54538,5322619,219961603,164265383,0,0
337,1,336,55440,5532497,239007436,171510963,0,0
338,1,336,55188,5408692,221267621,143253316,0,0
339,1,338,56112,5643909,250487026,238617975,0,0
340,1,338,55864,5520748,230283855,152478571,0,0
341,1,340,56780,5741524,253194706,205841912,0,0
342,1,340,56532,5624409,238744751,217328803,0,0
343,1,342,57456,5848086,259942759,208754883,0,0
344,1,342,57205,5726467,243122112,178904463,0,0
345,1,344,58144,5966936,273275966,280031927,0,0
346,1,344,57878,5826363,248538160,192689167,0,0
347,1,346,58820,6065429,275821134,245335454,0,0
348,1,346,58573,5950496,262630537,260443810,0,0
349,1,348,59508,6175961,283665359,262968164,0,0
350,1,348,59251,6045489,262525407,216483213,0,0
351,1,350,60204,6295080,296251876,377889818,0,0
352,1,350,59943,6159276,272709814,242081358,0,0
353,1,352,60896,6401038,299854138,301339298,0,0
354,1,352,60639,6274938,283155650,311476487,0,0
355,1,354,61600,6519027,308568198,313431162,0,0
356,1,354,61336,6384656,288918067,273968546,0,0
357,1,356,62304,6638965,321341334,416148707,0,0
358,1,356,62033,6491963,294327622,291164018,0,0
359,1,358,63008,6748798,325420983,367515217,0,0
360,1,358,62756,6626840,309448072,386430568,0,0
361,1,360,63720,6867409,334448449,389219303,0,0
362,1,360,63450,6724596,310911068,332042303,0,0
363,1,362,64440,6995234,348549914,531878627,0,0
364,1,362,64170,6849411,321766363,350596399,0,0
365,1,364,65160,7112460,353008309,434223167,0,0
366,1,364,64890,6973266,333395950,454362856,0,0
367,1,366,65880,7231754,362008213,474355952,0,0
368,1,366,65611,7090591,339432544,400368193,0,0
369,1,368,66612,7363836,376693578,644576150,0,0
370,1,368,66336,7209660,346177936,427108555,0,0
371,1,370,67340,7481390,380642391,527335584,0,0
372,1,370,67075,7348071,363715707,556068003,0,0
373,1,372,68076,7608708,391406636,570550551,0,0
374,1,372,67797,7455305,365097719,491099112,0,0
375,1,374,68824,7748910,407982994,713455062,0,0
376,1,374,68541,7589531,376774289,515378298,0,0
377,1,376,69560,7866956,412039239,645201681,0,0
378,1,376,69285,7720646,389177267,656407433,0,0
379,1,378,70308,7998533,422556563,682313938,0,0
380,1,378,70034,7850998,397928224,575169666,0,0
381,1,380,71064,8139748,439323265,871231086,0,0
382,1,380,70775,7971393,404588188,616678420,0,0
383,1,382,71816,8265675,444330968,766637578,0,0
384,1,382,71542,8121745,423469063,774022847,0,0
385,1,384,72580,8404708,455116436,799171595,0,0
386,1,384,72288,8237927,425610822,692791117,0,0
387,1,386,73344,8546949,472669596,1059415207,0,0
388,1,386,73056,8381015,439795050,740505199,0,0
389,1,388,74108,8677432,478553294,909087632,0,0
390,1,388,73828,8524680,454023089,899475520,0,0
391,1,390,74880,8817571,490684761,952907859,0,0
392,1,390,74593,8655674,460500347,812405149,0,0
393,1,392,75660,8968040,508906549,1204859358,0,0
394,1,392,75362,8788679,470104048,869057561,0,0
395,1,394,76440,9106484,515324474,1050707345,0,0
396,1,394,76153,8948339,491259157,1131590466,0,0
397,1,396,77220,9247398,527209092,1132725352,0,0
398,1,396,76923,9073027,493615730,970134229,0,0
399,1,398,78012,9402126,546100370,1375227060,0,0
400,1,398,77719,9228338,508963577,1011184856,0,0
401,1,400,78800,9541507,552881544,1260405745,0,0
402,1,400,78507,9375075,524744324,1247694275,0,0
403,1,402,79596,9690678,566099305,1335499104,0,0
404,1,402,79300,9518890,534296739,1151287808,0,0
405,1,404,80404,9854214,586756106,1643351602,0,0
406,1,404,80093,9659508,542424248,1189716707,0,0
407,1,406,81200,9994023,592954461,1503264307,0,0
408,1,406,80908,9829683,566309731,1458907496,0,0
409,1,408,82008,10148292,607022280,1552108187,0,0
410,1,408,81706,9966400,569615482,1325312154,0,0
411,1,410,82824,10312955,628383560,1899568621,0,0
412,1,410,82518,10124544,586892207,1419018831,0,0
413,1,412,83636,10460851,634623663,1695124471,0,0
414,1,412,83334,10283301,603626414,1711885166,0,0
415,1,414,84460,10623937,650917176,1773428262,0,0
416,1,414,84151,10436076,613917818,1560948306,0,0
417,1,416,85284,10789450,672529222,2194149997,0,0
418,1,416,84968,10586692,624852426,1647956077,0,0
419,1,418,86108,10942254,680171255,1993148211,0,0
420,1,418,85811,10770235,650468239,1937491521,0,0
421,1,420,86940,11105857,695559442,2092799584,0,0
422,1,420,86625,10908737,653736358,1804473543,0,0
423,1,422,87780,11280145,718381994,2573011273,0,0
424,1,422,87465,11080045,671936365,1899881671,0,0
425,1,424,88620,11442003,728233265,2254244119,0,0
426,1,424,88305,11249252,691684040,2249742352,0,0
427,1,426,89460,11606182,742331726,2387202506,0,0
428,1,426,89146,11411844,703639141,2109293412,0,0
429,1,428,90312,11785600,767576814,2954629281,0,0
430,1,428,89991,11575445,715141069,2173910968,0,0
431,1,430,91160,11948364,776444915,2654257023,0,0
432,1,430,90850,11761187,742164703,2644297516,0,0
433,1,432,92016,12121819,793431745,2780398748,0,0
434,1,432,91692,11912327,746053710,2386925679,0,0
435,1,434,92884,12310620,820018105,3257455843,0,0
436,1,434,92556,12094514,768152696,2547069393,0,0
437,1,436,93740,12473702,828592598,3027873030,0,0
438,1,436,93420,12273415,788729280,2958616561,0,0
439,1,438,94608,12652239,846065561,3188195433,0,0
440,1,438,94289,12449118,801404784,2769888643,0,0
441,1,440,95484,12841600,871302630,3782015839,0,0
442,1,440,95150,12614978,814900358,2889307788,0,0
443,1,442,96356,13014311,882579727,3486472403,0,0
444,1,442,96037,12816493,845470100,3442530064,0,0
445,1,444,97240,13202273,902266854,3591372237,0,0
446,1,444,96903,12976648,849983607,3161810208,0,0
447,1,446,98124,13393082,929131712,4294972532,0,0
448,1,446,97791,13167773,871241771,3291774391,0,0
449,1,448,99008,13570263,939547377,3976667010,0,0
450,1,448,98683,13361431,895792871,3846140687,0,0
451,1,450,99900,13758807,958883294,4205395946,0,0
452,1,450,99568,13540453,910389041,3648183963,0,0
453,1,452,100800,13959551,988188257,4868817288,0,0
454,1,452,100457,13719940,924292574,3768219972,0,0
455,1,454,101700,14145854,999240138,4437160337,0,0
456,1,454,101368,13931679,957188567,4383203445,0,0
457,1,456,102600,14335849,1019737006,4717602505,0,0
458,1,456,102258,14101998,963223069,4105133651,0,0
459,1,458,103512,14541422,1049635383,5553037746,0,0
460,1,458,103174,14308855,989287247,4279520882,0,0
461,1,460,104420,14729208,1061702263,5128451281,0,0
462,1,460,104082,14503716,1012138997,4932629394,0,0
463,1,462,105336,14928556,1083163304,5344699176,0,0
464,1,462,104995,14696964,1028394665,4678353765,0,0
465,1,464,106264,15144356,1115949328,6127826055,0,0
466,1,464,105908,14887255,1044761465,4854532324,0,0
467,1,466,107180,15332631,1127058124,5799151571,0,0
468,1,466,106843,15109986,1080836272,5736413840,0,0
469,1,468,108108,15537125,1148409373,5982119980,0,0
470,1,468,107761,15294885,1087890117,5233402011,0,0
471,1,470,109044,15754331,1182330981,6980393582,0,0
472,1,470,108693,15503968,1113770242,5510234640,0,0
473,1,472,109976,15952078,1195092113,6608257434,0,0
474,1,472,109629,15714940,1141780746,6271320297,1,1
475,1,474,110920,16167150,1220444993,6696700029,1,1
476,1,474,110566,15917975,1158878957,5959014407,0,0
477,1,476,111864,16384844,1252271205,7903811206,2,2
478,1,476,111503,16118955,1176639625,6186425390,0,0
